Ticker,Date,Headline,Link,Sentiment_Score,Sentiment_Label
AAPL,2026-07-09 03:18:33,Why Broadcom Stock Rose Today,https://www.fool.com/investing/2026/07/08/why-broadcom-stock-is-up-today/?.tsrc=rss,0.0,Neutral
AAPL,2026-07-09 02:03:00,Broadcom gets $30 billion Apple boost as valuation debate grows,https://www.thestreet.com/investing/stocks/broadcom-gets-30-billion-apple-boost-as-valuation-debate-grows?.tsrc=rss,0.4019,Positive
AAPL,2026-07-09 00:21:00,"Apple scores record 89 Emmy Award nominations, with top category nods for celebrated comedies Widow’s Bay, Shrinking, and Margo’s Got Money Troubles, and global hit dramas Pluribus, Slow Horses, and Your Friends & Neighbors",https://finance.yahoo.com/media-advertising/articles/apple-scores-record-89-emmy-002100913.html?.tsrc=rss,0.8957,Positive
AAPL,2026-07-09 00:02:44,Why Broadcom (AVGO) Stock Is Trading Up Today,https://finance.yahoo.com/markets/stocks/articles/why-broadcom-avgo-stock-trading-000244384.html?.tsrc=rss,0.0,Neutral
AAPL,2026-07-09 00:01:08,"Trump Announced His AI Action Plan Declaring  ‘America Is Going to Win’ — The Same Day He Bought Millions in Nvidia, Apple and Microsoft",https://finance.yahoo.com/technology/ai/articles/trump-announced-ai-action-plan-000108213.html?.tsrc=rss,0.0,Neutral
AAPL,2026-07-08 23:13:07,Apple (AAPL) Secures Largest Ever US Chip Deal With Broadcom For $30 Billion,https://finance.yahoo.com/markets/stocks/articles/apple-aapl-secures-largest-ever-231307290.html?.tsrc=rss,0.3182,Positive
AAPL,2026-07-08 22:00:20,"Dow Ends Lower To Record Worst Day In Nearly A Month As US-Iran Jitters Push Oil Prices — TSLA, NVDA, BE, AAPL, WBD  In Focus",https://stocktwits.com/news-articles/markets/equity/dow-ends-lower-to-record-worst-day-in-nearly-a-month-as-us-iran-jitters-push-oil-prices-tsla-nvda-be-aapl-wbd-in-focus/cZmn5ZFR7VB?.tsrc=rss,-0.743,Negative
AAPL,2026-07-08 20:50:00,"Micron, Broadcom, Palantir, Delta, SpaceX, and More Stocks That Explain Today’s Market",https://finance.yahoo.com/m/ee22eb1b-8aea-3ddf-9562-a1cf94ef28af/micron%2C-broadcom%2C-palantir%2C.html?.tsrc=rss,0.0,Neutral
AAPL,2026-07-08 20:40:02,Update: Dow Logs Worst Day in 4 Weeks Amid Renewed US-Iran Tensions,https://finance.yahoo.com/markets/stocks/articles/dow-logs-worst-day-4-204002072.html?.tsrc=rss,-0.7783,Negative
AAPL,2026-07-08 20:25:30,Apple Deal With Broadcom Bolsters Its Made-In-America Goals,https://finance.yahoo.com/m/40d8088c-9cd4-31a6-9a93-596aca4a9adb/apple-deal-with-broadcom.html?.tsrc=rss,0.0,Neutral
AAPL,2026-07-08 20:04:28,"Broadcom stock jumps on Apple AI chip deal, while Nvidia's relative stock price drops",https://finance.yahoo.com/video/broadcom-stock-jumps-on-apple-ai-chip-deal-while-nvidias-relative-stock-price-drops-200428968.html?.tsrc=rss,0.0,Neutral
AAPL,2026-07-08 19:59:17,Apple to spend $30 billion on US-made chips from Broadcom,https://finance.yahoo.com/video/apple-spend-30-billion-us-195917285.html?.tsrc=rss,0.0,Neutral
AAPL,2026-07-08 19:55:27,Apple's Memory Strategy Faces China Risk,https://finance.yahoo.com/technology/articles/apples-memory-strategy-faces-china-153339280.html?.tsrc=rss,-0.2732,Negative
AAPL,2026-07-08 19:39:36,Sector Update: Tech Stocks Rise Late Afternoon,https://finance.yahoo.com/markets/stocks/articles/sector-tech-stocks-rise-afternoon-193936783.html?.tsrc=rss,0.0,Neutral
AAPL,2026-07-08 19:31:16,Apple Offered Big iPhone Discounts—Why Sales Still Fell in China,https://finance.yahoo.com/markets/stocks/articles/apple-offered-big-iphone-discounts-193116913.html?.tsrc=rss,0.0,Neutral
AAPL,2026-07-08 19:15:11,Broadcom Vs. Apple: AVGO Just Locked in Apple Through 2031 Which is Why You Should Buy it Over AAPL,https://247wallst.com/investing/2026/07/08/broadcom-vs-apple-avgo-just-locked-in-apple-through-2031-which-is-why-you-should-buy-it-over-aapl/?.tsrc=rss,0.0,Neutral
AAPL,2026-07-08 18:49:28,Apple and Intel Corporation (INTC) Chip Deal makes Strategic Sense but Production is Years Away,https://finance.yahoo.com/markets/stocks/articles/apple-intel-corporation-intc-chip-184928887.html?.tsrc=rss,0.0,Neutral
AAPL,2026-07-08 18:49:00,Apple and Broadcom Shake Up Tech Sector With $30 Billion Deal,https://finance.yahoo.com/m/fbf71dd2-95ce-395b-8ea3-f2f3e8e9c967/apple-and-broadcom-shake-up.html?.tsrc=rss,-0.1779,Negative
AAPL,2026-07-08 18:15:34,Broadcom Spikes 5% on Expanded Apple Chip Deal; Intel and AMD Drift Lower,https://247wallst.com/investing/2026/07/08/broadcom-spikes-5-on-expanded-apple-chip-deal-intel-and-amd-drift-lower/?.tsrc=rss,-0.296,Negative
AAPL,2026-07-08 18:00:31,Broadcom Stock Jumps on New $30 Billion Deal to Supply Chips to Apple,https://www.investopedia.com/broadcom-stock-jumps-on-new-usd30-billion-deal-to-supply-chips-to-apple-avgo-aapl-12014008?.tsrc=rss,0.0,Neutral
MSFT,2026-07-09 05:33:49,The Case For Buying Smaller Dividends That Grow Faster,https://247wallst.com/personal-finance/2026/07/09/the-case-for-buying-smaller-dividends-that-grow-faster/?.tsrc=rss,0.0,Neutral
MSFT,2026-07-09 01:14:34,Commvault (CVLT) Stock Has Cheap Cash Flow But Expensive Earnings,https://finance.yahoo.com/markets/stocks/articles/commvault-cvlt-stock-cheap-cash-011434630.html?.tsrc=rss,0.0,Neutral
MSFT,2026-07-09 00:01:08,"Trump Announced His AI Action Plan Declaring  ‘America Is Going to Win’ — The Same Day He Bought Millions in Nvidia, Apple and Microsoft",https://finance.yahoo.com/technology/ai/articles/trump-announced-ai-action-plan-000108213.html?.tsrc=rss,0.0,Neutral
MSFT,2026-07-08 22:20:00,SK Hynix hits Nasdaq July 10. SKUU and SKDD are expected to launch on July 13.,https://finance.yahoo.com/markets/stocks/articles/sk-hynix-hits-nasdaq-july-222000695.html?.tsrc=rss,0.0,Neutral
MSFT,2026-07-08 21:45:02,Microsoft (MSFT) Dips More Than Broader Market: What You Should Know,https://finance.yahoo.com/markets/stocks/articles/microsoft-msft-dips-more-broader-214502731.html?.tsrc=rss,0.0,Neutral
MSFT,2026-07-08 21:20:00,"Best Stocks to Buy Now in July: CEG for Value, Growth, and 70% Upside",https://finance.yahoo.com/markets/stocks/articles/best-stocks-buy-now-july-212000473.html?.tsrc=rss,0.8481,Positive
MSFT,2026-07-08 20:36:00,What Is SpaceX Really Worth? Wall Street Disagrees on Elon Musk’s Huge Valuation.,https://finance.yahoo.com/m/4f27ab8e-b1f4-3096-96cb-ee3633c003a3/what-is-spacex-really-worth%3F.html?.tsrc=rss,0.2944,Positive
MSFT,2026-07-08 20:14:46,SAP (XTRA:SAP) Stock Looks Below Fair Value Despite AI Hopes,https://finance.yahoo.com/markets/stocks/articles/sap-xtra-sap-stock-looks-201446170.html?.tsrc=rss,0.3331,Positive
MSFT,2026-07-08 20:05:00,Microsoft announces quarterly earnings release date,https://finance.yahoo.com/markets/stocks/articles/microsoft-announces-quarterly-earnings-release-200500926.html?.tsrc=rss,0.0,Neutral
MSFT,2026-07-08 19:20:17,IREN Limited (IREN) Co-founders Score US$788M Pay Packet Amid AI Bonanza,https://finance.yahoo.com/technology/ai/articles/iren-limited-iren-co-founders-192017979.html?.tsrc=rss,-0.3182,Negative
MSFT,2026-07-08 19:00:00,Microsoft's Quantum Security Push: 1 Stock With 111% Upside to Buy Now,https://finance.yahoo.com/markets/stocks/articles/microsofts-quantum-security-push-1-190000381.html?.tsrc=rss,0.34,Positive
MSFT,2026-07-08 18:05:00,Microsoft Is Downsizing Its Xbox Unit. Will That Rescue Its Stock?,https://www.fool.com/investing/2026/07/08/microsoft-downsizing-xbox-unit-rescue-stock/?.tsrc=rss,0.5106,Positive
MSFT,2026-07-08 18:00:00,West Texas Cowboys Are Cashing In on the AI Land Rush,https://finance.yahoo.com/technology/ai/articles/west-texas-cowboys-cashing-ai-180000409.html?.tsrc=rss,0.0,Neutral
MSFT,2026-07-08 17:39:27,Sector Update: Tech Stocks Rise Wednesday Afternoon,https://finance.yahoo.com/technology/articles/sector-tech-stocks-rise-wednesday-173927838.html?.tsrc=rss,0.0,Neutral
MSFT,2026-07-08 17:27:47,'Sticker Shock' Powers Open-Source AI Growth. What It Means For Top AI Stocks.,https://finance.yahoo.com/m/3e68c70d-cb74-3273-99d9-e3c7c7d332d7/%27sticker-shock%27-powers.html?.tsrc=rss,0.2023,Positive
MSFT,2026-07-08 16:11:00,3 Genius Stocks Smart Investors Are Buying Right Now,https://www.fool.com/investing/2026/07/08/3-genius-stocks-smart-investors-are-buying-right-n/?.tsrc=rss,0.4019,Positive
MSFT,2026-07-08 15:52:30,Top Midday Stories: Trump Says US May Attack Iran Again; Apple Signs $30 Billion Deal With Broadcom for US-Made Chips,https://finance.yahoo.com/markets/stocks/articles/top-midday-stories-trump-says-155230280.html?.tsrc=rss,-0.3182,Negative
MSFT,2026-07-08 15:44:52,Beaten Down Technology Stock to Buy: Microsoft Corporation (MSFT) Embarks on Cost Cuts,https://finance.yahoo.com/technology/articles/beaten-down-technology-stock-buy-154452382.html?.tsrc=rss,-0.6124,Negative
MSFT,2026-07-08 15:35:24,Microsoft (MSFT) Unifies Copilot Strategy to Challenge ChatGPT and Claude,https://finance.yahoo.com/technology/ai/articles/microsoft-msft-unifies-copilot-strategy-153524054.html?.tsrc=rss,0.0772,Positive
MSFT,2026-07-08 15:33:14,Nokia (NOK) Taps SAP and Microsoft: Cloud and AI in Focus,https://finance.yahoo.com/technology/ai/articles/nokia-nok-taps-sap-microsoft-153314352.html?.tsrc=rss,0.0,Neutral
GOOGL,2026-07-09 06:00:00,Keeper Security surpasses $225M in ARR with transformative growth and is emerging as the market standard for AI-native identity security,https://finance.yahoo.com/technology/ai/articles/keeper-security-surpasses-225m-arr-060000697.html?.tsrc=rss,0.7506,Positive
GOOGL,2026-07-09 00:50:00,Why Broadcom Stock Fell 15% in June,https://www.fool.com/investing/2026/07/08/why-broadcom-stock-fell-15-in-june/?.tsrc=rss,0.0,Neutral
GOOGL,2026-07-09 00:00:00,$130 Billion in AI Data Centers were Just Blocked. Where Does the AI Boom Go Now,https://finance.yahoo.com/technology/ai/articles/130-billion-ai-data-centers-000000041.html?.tsrc=rss,-0.2732,Negative
GOOGL,2026-07-08 23:11:00,Warren Buffett's Successor Greg Abel Has Poured More Than $20 Billion of Berkshire Hathaway's Cash Into Alphabet. This May Be Why.,https://www.fool.com/investing/2026/07/08/warren-buffetts-successor-greg-abel-has-poured-mor/?.tsrc=rss,0.2263,Positive
GOOGL,2026-07-08 22:25:00,The Stock Market Just Flashed a Warning Sign Only Seen Once Before in 155 Years -- and History is Very Clear About What Happens Next.,https://www.fool.com/investing/2026/07/08/the-stock-market-just-flashed-a-warning-sign-only/?.tsrc=rss,0.1263,Positive
GOOGL,2026-07-08 22:20:00,SK Hynix hits Nasdaq July 10. SKUU and SKDD are expected to launch on July 13.,https://finance.yahoo.com/markets/stocks/articles/sk-hynix-hits-nasdaq-july-222000695.html?.tsrc=rss,0.0,Neutral
GOOGL,2026-07-08 21:45:02,Alphabet Inc. (GOOG) Sees a More Significant Dip Than Broader Market: Some Facts to Know,https://finance.yahoo.com/markets/stocks/articles/alphabet-inc-goog-sees-more-214502021.html?.tsrc=rss,0.2716,Positive
GOOGL,2026-07-08 21:20:00,Alphabet's Artificial Intelligence (AI) Spending Spree Is Great News for Nvidia,https://www.fool.com/investing/2026/07/08/alphabets-artificial-intelligence-ai-spending-spre/?.tsrc=rss,0.802,Positive
GOOGL,2026-07-08 21:03:00,Why SpaceX’s Multi-Billion Dollar Debt Sale Is Already Losing Money for Investors,https://finance.yahoo.com/m/03d6e2e3-2148-3889-a535-c038b89cee00/why-spacex%E2%80%99s-multi-billion.html?.tsrc=rss,-0.6249,Negative
GOOGL,2026-07-08 20:59:20,"As Cognizant Links Up with Google on AI Deal, Here’s How to Play CTSH Stock Now",https://www.barchart.com/story/news/3192900/as-cognizant-links-up-with-google-on-ai-deal-heres-how-to-play-ctsh-stock-now?.tsrc=rss,0.34,Positive
GOOGL,2026-07-08 20:25:00,The Reason Behind Blue Origin’s Eye-Popping Valuation,https://finance.yahoo.com/m/25f6cb01-bbe9-3ee0-82f1-0fdcb714265e/the-reason-behind-blue.html?.tsrc=rss,0.0,Neutral
GOOGL,2026-07-08 19:36:29,The MediaTek Ghost Story Just Dropped the World’s Most Powerful Custom-Silicon Juggernaut Into a 25% Discount Zone,https://247wallst.com/investing/2026/07/08/the-mediatek-ghost-story-just-dropped-the-worlds-most-powerful-custom-silicon-juggernaut-into-a-25-discount-zone/?.tsrc=rss,0.2006,Positive
GOOGL,2026-07-08 19:28:38,Amazon’s $25 billion ‘surprise’ bond sale dangled extra yield to lure in buyers—and flashed a warning sign about the AI boom,https://finance.yahoo.com/markets/stocks/articles/amazon-25-billion-surprise-bond-192838890.html?.tsrc=rss,-0.34,Negative
GOOGL,2026-07-08 19:16:05,"Google Paid Him $986,000 in a Single Year. Here’s Why He Still Left: ‘Life-Changing Money’",https://www.entrepreneur.com/business-news/google-paid-him-986000-in-a-single-year-heres-why-he-still-left?.tsrc=rss,0.0,Neutral
GOOGL,2026-07-08 18:25:00,Sterling Infrastructure Should Regain Momentum Soon,https://www.fool.com/investing/2026/07/08/sterling-infrastructure-should-regain-momentum-soo/?.tsrc=rss,0.0,Neutral
GOOGL,2026-07-08 18:12:00,Google Bans Prediction Market Transactions Amid Backlash,https://www.cryptoprowl.com/releases/google-bans-prediction-market-transactions-amid-backlash-6104?.tsrc=rss,0.0,Neutral
GOOGL,2026-07-08 18:04:00,Beyond Automotive: Healthcare Automation Drives the Next Leg for Robotics ETFs,https://finance.yahoo.com/healthcare/articles/beyond-automotive-healthcare-automation-drives-180400001.html?.tsrc=rss,0.0,Neutral
GOOGL,2026-07-08 17:50:24,Sector Update: Consumer Stocks Lower in Afternoon Trading,https://finance.yahoo.com/markets/stocks/articles/sector-consumer-stocks-lower-afternoon-175024311.html?.tsrc=rss,-0.296,Negative
GOOGL,2026-07-08 17:45:08,Price Prediction: Intel Soared 450% in a Year. Will The Rally Continue?,https://247wallst.com/investing/2026/07/08/price-prediction-intel-soared-450-in-a-year-will-the-rally-continue/?.tsrc=rss,0.0,Neutral
GOOGL,2026-07-08 17:27:47,'Sticker Shock' Powers Open-Source AI Growth. What It Means For Top AI Stocks.,https://finance.yahoo.com/m/3e68c70d-cb74-3273-99d9-e3c7c7d332d7/%27sticker-shock%27-powers.html?.tsrc=rss,0.2023,Positive
AMZN,2026-07-09 05:19:10,Alexa+ Agentic Ads: Amazon Turns Your AI Assistant Into a Storefront,https://finance.yahoo.com/media-advertising/articles/alexa-agentic-ads-amazon-turns-051910240.html?.tsrc=rss,0.1779,Positive
AMZN,2026-07-09 02:06:00,"""Search, Not Discounts, Decided Amazon Prime Day 2026's Beauty Winners: Market Defense Report""",https://finance.yahoo.com/media-advertising/articles/search-not-discounts-decided-amazon-020600539.html?.tsrc=rss,0.7834,Positive
AMZN,2026-07-08 22:20:00,SK Hynix hits Nasdaq July 10. SKUU and SKDD are expected to launch on July 13.,https://finance.yahoo.com/markets/stocks/articles/sk-hynix-hits-nasdaq-july-222000695.html?.tsrc=rss,0.0,Neutral
AMZN,2026-07-08 22:07:27,The Pro-Focused Pivot That Puts Home Depot Stock's Core Engine At Risk,https://www.trefis.com/articles/605395/the-pro-focused-pivot-that-puts-home-depot-stocks-core-engine-at-risk/2026-07-08?.tsrc=rss,-0.2732,Negative
AMZN,2026-07-08 22:00:03,Amazon.com (AMZN) A Top AI Stock on Wall Street Radar Pursuing Broadband Service Opportunities,https://finance.yahoo.com/technology/ai/articles/amazon-com-amzn-top-ai-220003592.html?.tsrc=rss,0.5267,Positive
AMZN,2026-07-08 21:01:29,Jeff Bezos's Blue Origin is looking to fuel growth. What does that mean for rival SpaceX?,https://finance.yahoo.com/video/jeff-bezoss-blue-origin-is-looking-to-fuel-growth-what-does-that-mean-for-rival-spacex-210129232.html?.tsrc=rss,0.3818,Positive
AMZN,2026-07-08 20:22:17,OpenAI to release ChatGPT 5.6 models & 'GPT Live' on Thursday: What to know,https://finance.yahoo.com/video/openai-to-release-chatgpt-56-models--gpt-live-on-thursday-what-to-know-202217707.html?.tsrc=rss,0.0,Neutral
AMZN,2026-07-08 19:41:45,"Why Anthropic Could Be Worth $6T by 2027, Inside CCP-Affiliated Data Center Pushback, Amazon’s $25B Bond",https://blockspace.media/podcast/why-anthropic-could-be-worth-6t-by-2027-inside-ccp-affiliated-data-center-pushback-amazons-25b-bond/?.tsrc=rss,0.2263,Positive
AMZN,2026-07-08 19:39:36,Sector Update: Tech Stocks Rise Late Afternoon,https://finance.yahoo.com/markets/stocks/articles/sector-tech-stocks-rise-afternoon-193936783.html?.tsrc=rss,0.0,Neutral
AMZN,2026-07-08 19:28:38,Amazon’s $25 billion ‘surprise’ bond sale dangled extra yield to lure in buyers—and flashed a warning sign about the AI boom,https://finance.yahoo.com/markets/stocks/articles/amazon-25-billion-surprise-bond-192838890.html?.tsrc=rss,-0.34,Negative
AMZN,2026-07-08 19:09:28,Estee Lauder Raises Restructuring Charges to $1.75 Billion,https://finance.yahoo.com/markets/stocks/articles/estee-lauder-raises-restructuring-charges-190928171.html?.tsrc=rss,-0.2732,Negative
AMZN,2026-07-08 18:50:18,Corning Incorporated (GLW) Announces Quarterly Dividend,https://finance.yahoo.com/markets/stocks/articles/corning-incorporated-glw-announces-quarterly-185018770.html?.tsrc=rss,0.0,Neutral
AMZN,2026-07-08 18:44:00,"Cerebras Stock: Wafer-Scale AI Offers Big Potential, Big Risks?",https://finance.yahoo.com/technology/ai/articles/cerebras-stock-wafer-scale-ai-184400121.html?.tsrc=rss,-0.2732,Negative
AMZN,2026-07-08 18:32:35,Bezos’ Blue Origin is raising outside capital for the first time to compete for NASA contracts as rival SpaceX’s stock falters,https://finance.yahoo.com/technology/articles/bezos-blue-origin-raising-outside-183235561.html?.tsrc=rss,0.0,Neutral
AMZN,2026-07-08 18:25:00,Sterling Infrastructure Should Regain Momentum Soon,https://www.fool.com/investing/2026/07/08/sterling-infrastructure-should-regain-momentum-soo/?.tsrc=rss,0.0,Neutral
AMZN,2026-07-08 17:57:18,Will Ace Hardwire RedVest Into An AI Retail Media Network?,https://www.mediapost.com/publications/article/416376/will-ace-hardwire-redvest-into-an-ai-retail-media.html?.tsrc=rss,0.0,Neutral
AMZN,2026-07-08 17:54:11,Jeff Bezos Says ‘We Don’t Have a Revenue Problem’ in America — Bottom Half Paying Just 3% of Taxes Means ‘We Can Find 3%’,https://www.barchart.com/story/news/3189933/jeff-bezos-says-we-dont-have-a-revenue-problem-in-america-bottom-half-paying-just-3-of-taxes-means-we-can-find-3?.tsrc=rss,0.0,Neutral
AMZN,2026-07-08 17:40:48,Blue Origin Is Raising Cash at a Big Valuation—But Space Stocks Continue to Struggle Post-SpaceX IPO,https://www.investopedia.com/blue-origin-is-raising-cash-at-a-big-valuation-but-space-stocks-continue-to-struggle-post-spacex-ipo-12014279?.tsrc=rss,-0.3182,Negative
AMZN,2026-07-08 17:39:27,Sector Update: Tech Stocks Rise Wednesday Afternoon,https://finance.yahoo.com/technology/articles/sector-tech-stocks-rise-wednesday-173927838.html?.tsrc=rss,0.0,Neutral
AMZN,2026-07-08 17:30:00,WBD Stock Gains On Announcing Agentic AI Ad-Tech Platform Built On AMZN's AWS,https://stocktwits.com/news-articles/markets/equity/wbd-stock-gains-on-announcing-agentic-ai-ad-tech-platform-built-on-amzn-s-aws/cZmVUXBR7Vb?.tsrc=rss,0.34,Positive
TSLA,2026-07-09 03:31:14,"Elon Musk Says Optimus, AI Will Enable 'Excellent' Healthcare—Cathie Wood Sees $50 Billion AI Compute Need",https://finance.yahoo.com/technology/ai/articles/elon-musk-says-optimus-ai-033114121.html?.tsrc=rss,0.0,Neutral
TSLA,2026-07-09 02:51:20,SPCX Stock Records 3-Day Slide: Elon Musk Admits Anthropic’s Fable Is 'Definitely Better' Than Grok 4.5,https://stocktwits.com/news-articles/markets/equity/spcx-elon-musk-anthropic-fable-better-than-grok/cZmoSRdR7V0?.tsrc=rss,0.7783,Positive
TSLA,2026-07-09 01:17:00,Tesla’s Model Y just got a sharper Rivian threat,https://www.thestreet.com/automotive/tesla-model-y-just-got-competition-rivian-r2?.tsrc=rss,-0.5267,Negative
TSLA,2026-07-08 22:00:20,"Dow Ends Lower To Record Worst Day In Nearly A Month As US-Iran Jitters Push Oil Prices — TSLA, NVDA, BE, AAPL, WBD  In Focus",https://stocktwits.com/news-articles/markets/equity/dow-ends-lower-to-record-worst-day-in-nearly-a-month-as-us-iran-jitters-push-oil-prices-tsla-nvda-be-aapl-wbd-in-focus/cZmn5ZFR7VB?.tsrc=rss,-0.743,Negative
TSLA,2026-07-08 21:47:00,Elon Musk’s AI jobs prediction gets harsh reality check,https://www.thestreet.com/employment/elon-musks-ai-jobs-prediction-gets-reality-check-from-michael-burry?.tsrc=rss,-0.4404,Negative
TSLA,2026-07-08 20:46:57,ARKK's Dip History Comes With A Warning,https://www.trefis.com/articles/606191/arkks-dip-history-comes-with-a-warning/2026-07-08?.tsrc=rss,-0.34,Negative
TSLA,2026-07-08 20:36:00,What Is SpaceX Really Worth? Wall Street Disagrees on Elon Musk’s Huge Valuation.,https://finance.yahoo.com/m/4f27ab8e-b1f4-3096-96cb-ee3633c003a3/what-is-spacex-really-worth%3F.html?.tsrc=rss,0.2944,Positive
TSLA,2026-07-08 20:29:00,"Top Research Reports for Tesla, Bank of America & Merck",https://finance.yahoo.com/markets/stocks/articles/top-research-reports-tesla-bank-202900156.html?.tsrc=rss,0.2023,Positive
TSLA,2026-07-08 20:26:00,Why a Tesla-SpaceX Merger Is No Sure Thing,https://finance.yahoo.com/m/44a0d553-7d87-308c-93ec-f0a8640df7b0/why-a-tesla-spacex-merger-is.html?.tsrc=rss,0.0258,Neutral
TSLA,2026-07-08 20:25:00,Tesla Stock Sank 7% Despite Record Deliveries,https://www.fool.com/investing/2026/07/08/tesla-stock-sank-7-despite-record-deliveries/?.tsrc=rss,0.0,Neutral
TSLA,2026-07-08 19:47:48,Sector Update: Consumer Stocks Lower in Late Afternoon Trading,https://finance.yahoo.com/markets/stocks/articles/sector-consumer-stocks-lower-afternoon-194748862.html?.tsrc=rss,-0.296,Negative
TSLA,2026-07-08 19:37:00,Sunrun Wants to Put AI Data Centers in Homes. It Isn’t Lifting the Stock.,https://finance.yahoo.com/m/362cc7fd-c7fc-3a3e-aa82-f3c9100e60a5/sunrun-wants-to-put-ai-data.html?.tsrc=rss,0.0,Neutral
TSLA,2026-07-08 19:20:32,TSLA Stock Slips: Tesla's AI Chief Confirms Voice Commands For FSD Under Works,https://stocktwits.com/news-articles/markets/equity/tsla-stock-slips-tesla-ai-chief-confirms-voice-commands-for-fsd-under-works/cZmnGO7R7Ve?.tsrc=rss,0.0,Neutral
TSLA,2026-07-08 18:33:57,'Big Short' Michael Burry Bets Against Nvidia and Tesla Again,https://finance.yahoo.com/markets/stocks/articles/big-short-michael-burry-bets-183357587.html?.tsrc=rss,0.0,Neutral
TSLA,2026-07-08 18:04:00,Beyond Automotive: Healthcare Automation Drives the Next Leg for Robotics ETFs,https://finance.yahoo.com/healthcare/articles/beyond-automotive-healthcare-automation-drives-180400001.html?.tsrc=rss,0.0,Neutral
TSLA,2026-07-08 18:00:13,Price Prediction: Tesla Will Trade at This Price in 3 Years,https://247wallst.com/investing/2026/07/08/price-prediction-tesla-will-trade-at-this-price-in-3-years/?.tsrc=rss,0.0,Neutral
TSLA,2026-07-08 17:53:00,Is Tesla Stock a Buy as Deliveries Come in Ahead of Expectations and Its Robotaxis Launch in Miami?,https://www.fool.com/investing/2026/07/08/is-tesla-buy-deliveries-expectation-robotaxi-miami/?.tsrc=rss,0.0,Neutral
TSLA,2026-07-08 17:50:24,Sector Update: Consumer Stocks Lower in Afternoon Trading,https://finance.yahoo.com/markets/stocks/articles/sector-consumer-stocks-lower-afternoon-175024311.html?.tsrc=rss,-0.296,Negative
TSLA,2026-07-08 17:40:24,Elon Musk loses $50 billion in a single day; SpaceX moves bitcoin,http://videos.coindesk.com/previews/e4IIxaK2?.tsrc=rss,-0.3182,Negative
TSLA,2026-07-08 17:37:13,Musk's OpenAI Fight Moves Toward Mediation,https://finance.yahoo.com/technology/ai/articles/musks-openai-fight-moves-toward-173713769.html?.tsrc=rss,-0.3818,Negative
NVDA,2026-07-09 05:50:00,Here's When Elon Musk Can Sell His Billions of SpaceX Shares,https://www.fool.com/investing/2026/07/09/heres-when--elon-musk-can-sell-his-billions-of/?.tsrc=rss,0.296,Positive
NVDA,2026-07-09 05:35:00,Micron Raised Its Guidance on Surging Memory Prices. Here's What It Means for the Stock.,https://www.fool.com/investing/2026/07/09/micron-raised-its-guidance-on-surging-memory-price/?.tsrc=rss,0.0,Neutral
NVDA,2026-07-09 05:19:03,"Dow Jones Futures, Oil Prices Rise Amid Iran News; Nvidia, Valero, Dell, SpaceX In Focus",https://finance.yahoo.com/m/460a0d08-18ee-3417-83ad-76a56f707497/dow-jones-futures%2C-oil-prices.html?.tsrc=rss,0.0,Neutral
NVDA,2026-07-09 04:50:00,Bitcoin's Most Prominent Holder Is Selling Some. Should You?,https://www.fool.com/investing/2026/07/09/bitcoins-most-prominent-holder-is-selling-some-sho/?.tsrc=rss,0.3804,Positive
NVDA,2026-07-09 04:20:00,VYMI vs. VIGI: Which International Dividend ETF Is Better?,https://www.fool.com/investing/2026/07/09/vymi-vs-vigi-which-international-dividend-etf-is-b/?.tsrc=rss,0.4404,Positive
NVDA,2026-07-09 03:56:47,NVDA Stock Ready For A Comeback? Why This Analyst Now Calls Nvidia An ‘Enhanced Buy’,https://stocktwits.com/news-articles/markets/equity/nvda-stock-ready-for-a-comeback-why-this-analyst-now-calls-nvidia-an-enhanced-buy/cZmokrUR7Vj?.tsrc=rss,0.3612,Positive
NVDA,2026-07-09 03:18:33,Why Broadcom Stock Rose Today,https://www.fool.com/investing/2026/07/08/why-broadcom-stock-is-up-today/?.tsrc=rss,0.0,Neutral
NVDA,2026-07-09 02:56:02,Chip titan SK hynix to set price for mega US listing,https://finance.yahoo.com/markets/stocks/articles/chip-titan-sk-hynix-set-025602686.html?.tsrc=rss,0.0,Neutral
NVDA,2026-07-09 02:20:00,Cathie Wood Sold $8 Million of AMD Stock in a Single Day,https://www.fool.com/investing/2026/07/08/cathie-wood-sold-8-million-of-amd-stock-in-a-singl/?.tsrc=rss,0.0,Neutral
NVDA,2026-07-09 02:14:22,Navitas Semiconductor (NVDA) Faces A Valuation Test Following Wolfspeed Patent Lawsuit,https://finance.yahoo.com/markets/stocks/articles/navitas-semiconductor-nvda-faces-valuation-021422492.html?.tsrc=rss,-0.2263,Negative
NVDA,2026-07-09 01:22:37,Why Kingsoft Cloud Holdings Stock Jumped Today,https://www.fool.com/investing/2026/07/08/why-kingsoft-cloud-holdings-stock-is-up-today/?.tsrc=rss,0.0,Neutral
NVDA,2026-07-09 00:50:00,Why Broadcom Stock Fell 15% in June,https://www.fool.com/investing/2026/07/08/why-broadcom-stock-fell-15-in-june/?.tsrc=rss,0.0,Neutral
NVDA,2026-07-09 00:25:00,2 Fast-Growing Pharmaceutical Stocks to Buy Now,https://www.fool.com/investing/2026/07/08/2-fast-growing-pharmaceutical-stocks-to-buy-now/?.tsrc=rss,0.0,Neutral
NVDA,2026-07-09 00:01:08,"Trump Announced His AI Action Plan Declaring  ‘America Is Going to Win’ — The Same Day He Bought Millions in Nvidia, Apple and Microsoft",https://finance.yahoo.com/technology/ai/articles/trump-announced-ai-action-plan-000108213.html?.tsrc=rss,0.0,Neutral
NVDA,2026-07-08 23:38:47,Why Lemonade Stock Wilted by Almost 9% on Wednesday,https://www.fool.com/investing/2026/07/08/why-lemonade-stock-wilted-by-almost-9-on-wednesday/?.tsrc=rss,0.0,Neutral
NVDA,2026-07-08 23:36:00,SpaceX Stock Is Down 35% From Its High Just 1 Day After Joining the Nasdaq-100. Is the Dip a Buy?,https://www.fool.com/investing/2026/07/08/spacex-stock-is-down-35-from-its-high-just-1-day-a/?.tsrc=rss,0.0,Neutral
NVDA,2026-07-08 23:18:02,Why IMAX Stock Trounced the Market Today,https://www.fool.com/investing/2026/07/08/why-imax-stock-trounced-the-market-today/?.tsrc=rss,0.0,Neutral
NVDA,2026-07-08 23:11:00,Warren Buffett's Successor Greg Abel Has Poured More Than $20 Billion of Berkshire Hathaway's Cash Into Alphabet. This May Be Why.,https://www.fool.com/investing/2026/07/08/warren-buffetts-successor-greg-abel-has-poured-mor/?.tsrc=rss,0.2263,Positive
NVDA,2026-07-08 23:10:18,Nvidia’s CEO Just Predicted a New Blue-Collar Millionaire Class. Here Are 5 Stocks Worth Watching.,https://247wallst.com/investing/2026/07/08/nvidias-ceo-just-predicted-a-new-blue-collar-millionaire-class-is-rising-here-are-5-stocks-worth-watching/?.tsrc=rss,0.2263,Positive
NVDA,2026-07-08 23:05:00,This Stock Is Up 74% This Year: Is It Too Late to Buy?,https://www.fool.com/investing/2026/07/08/this-stock-is-up-74-this-year-is-it-too-late-to-bu/?.tsrc=rss,0.0,Neutral
JPM,2026-07-09 05:30:00,Strategy’s Preferred Shares Carry 10%-Plus Yields—and Lots of Risk,https://finance.yahoo.com/m/d31f23dc-5a37-3534-a9fa-4e4658c324fb/strategy%E2%80%99s-preferred-shares.html?.tsrc=rss,0.0258,Neutral
JPM,2026-07-08 22:45:00,A Positive Outlook as Q2 Earnings Season Gets Underway,https://finance.yahoo.com/markets/stocks/articles/positive-outlook-q2-earnings-season-224500654.html?.tsrc=rss,0.5574,Positive
JPM,2026-07-08 21:45:05,JPMorgan Chase & Co. (JPM) Registers a Bigger Fall Than the Market: Important Facts to Note,https://finance.yahoo.com/markets/stocks/articles/jpmorgan-chase-co-jpm-registers-214505896.html?.tsrc=rss,0.2023,Positive
JPM,2026-07-08 20:41:17,JPMorgan (JPM) Ranks Among the Most Profitable Stocks,https://finance.yahoo.com/markets/stocks/articles/jpmorgan-jpm-ranks-among-most-204117416.html?.tsrc=rss,0.4927,Positive
JPM,2026-07-08 17:37:33,JPMorgan to pursue smaller deals in latest growth push,https://finance.yahoo.com/markets/article/jpmorgan-to-pursue-smaller-deals-in-latest-growth-push-173733501.html?.tsrc=rss,0.3818,Positive
JPM,2026-07-08 17:12:11,Wise (LSE:WISE) Stock Sees Split Analyst Revisions As Growth Outlook Improves,https://finance.yahoo.com/markets/stocks/articles/wise-lse-wise-stock-sees-171211983.html?.tsrc=rss,0.8176,Positive
JPM,2026-07-08 17:05:00,SURMOUNT Facilitates $13 Million Net Lease Transaction of Chase Bank Location in New York City,https://finance.yahoo.com/real-estate/articles/surmount-facilitates-13-million-net-130000042.html?.tsrc=rss,0.0,Neutral
JPM,2026-07-08 15:38:56,JPMorgan Chase: Here's One Trade To Consider As Earnings Approach,https://finance.yahoo.com/m/8c54f2e4-f303-3d2f-b16d-826cf9ae0eb8/jpmorgan-chase%3A-here%27s-one.html?.tsrc=rss,0.0,Neutral
JPM,2026-07-08 15:15:13,JPMorgan sees the writing on the wall for silver stock investors,https://www.thestreet.com/investing/jpmorgan-cuts-silver-price-target-investors?.tsrc=rss,0.0,Neutral
JPM,2026-07-08 14:37:00,"JPMorgan, big banks seek to unlock value in struggling payments stock",https://www.thestreet.com/investing/stocks/jpmorgan-big-banks-fiserv-debit-payment-network?.tsrc=rss,-0.1027,Negative
JPM,2026-07-08 14:00:24,JPMorgan building small-cap M&A team for sub-$500M deals,https://qz.com/jpmorgan-small-cap-ma-team-investment-banking-070826?.tsrc=rss,0.0,Neutral
JPM,2026-07-08 13:20:37,US Financials Slump: Is This a Massive Buy-the-Dip Opportunity for Bank Stocks?,https://finance.yahoo.com/markets/stocks/articles/us-financials-slump-massive-buy-132037507.html?.tsrc=rss,0.4215,Positive
JPM,2026-07-08 12:48:02,Why JPMorgan’s (JPM) Dividend Hike and $50 Billion Buyback Make It a Strong Capital-Return Tax Case,https://finance.yahoo.com/markets/stocks/articles/why-jpmorgan-jpm-dividend-hike-124802245.html?.tsrc=rss,0.5106,Positive
JPM,2026-07-08 12:27:17,SambaNova raises $1 billion Series F at $11 billion valuation,https://qz.com/sambanova-raises-1-billion-series-f-11-billion-valuation-070826?.tsrc=rss,0.0,Neutral
JPM,2026-07-08 11:07:04,Intel-Backed SambaNova Raises $1Billion,https://finance.yahoo.com/technology/ai/articles/intel-backed-sambanova-raises-1billion-110704332.html?.tsrc=rss,0.0,Neutral
JPM,2026-07-08 11:01:25,Rivian Shares Drop After News Of 75 Million Share Public Offering,https://finance.yahoo.com/m/14cc7ea0-5d60-346b-8877-f661f6f83cbd/rivian-shares-drop-after-news.html?.tsrc=rss,0.3182,Positive
JPM,2026-07-08 10:45:15,Dollar Tree Shares Edge Higher After Analysts Raise Price Targets (DLTR),https://investorshub.advfn.com/market-news/article/31511/dollar-tree-shares-edge-higher-after-analysts-raise-price-targets-dltr?.tsrc=rss,0.296,Positive
JPM,2026-07-08 06:45:00,AI Chip Startup SambaNova Raises Funds at $11 Billion Valuation,https://finance.yahoo.com/technology/ai/articles/ai-chip-startup-sambanova-raises-064500229.html?.tsrc=rss,0.0,Neutral
JPM,2026-07-08 05:11:30,JPMorgan Chase (JPM) Lands $1.6 Billion Iraq Urea Plant Financing Mandate,https://finance.yahoo.com/markets/stocks/articles/jpmorgan-chase-jpm-lands-1-051130973.html?.tsrc=rss,0.0,Neutral
JPM,2026-07-08 05:06:32,PepsiCo (PEP) Price Target Trimmed at JP Morgan. Here is Why,https://finance.yahoo.com/markets/stocks/articles/pepsico-pep-price-target-trimmed-050632186.html?.tsrc=rss,0.368,Positive
V,2026-07-09 05:33:49,The Case For Buying Smaller Dividends That Grow Faster,https://247wallst.com/personal-finance/2026/07/09/the-case-for-buying-smaller-dividends-that-grow-faster/?.tsrc=rss,0.0,Neutral
V,2026-07-08 21:45:03,Visa (V) Declines More Than Market: Some Information for Investors,https://finance.yahoo.com/markets/stocks/articles/visa-v-declines-more-market-214503703.html?.tsrc=rss,0.0,Neutral
V,2026-07-08 21:16:08,The Standoff Over PYPL Stock,https://www.trefis.com/articles/606201/the-standoff-over-pypl-stock/2026-07-08?.tsrc=rss,0.0,Neutral
V,2026-07-08 20:29:26,PYPL Stock: Where Compounding Could Take The Price,https://www.trefis.com/articles/606182/pypl-stock-where-compounding-could-take-the-price/2026-07-08?.tsrc=rss,0.0,Neutral
V,2026-07-08 18:27:00,Why MSTR Stock Is Down Despite a New Buy Rating,https://finance.yahoo.com/m/81907a55-fb82-30bd-9298-0dd84e8018be/why-mstr-stock-is-down.html?.tsrc=rss,0.0,Neutral
V,2026-07-08 18:10:00,FIS Advances Cloud Banking Push Through Frankfurt International Bank Deal,https://finance.yahoo.com/technology/articles/fis-advances-cloud-banking-push-181000601.html?.tsrc=rss,0.0,Neutral
V,2026-07-08 18:09:00,Can Visa's Multi-Rail Payments Strategy Drive Long-Term Growth?,https://finance.yahoo.com/markets/stocks/articles/visas-multi-rail-payments-strategy-180900667.html?.tsrc=rss,0.3818,Positive
V,2026-07-08 17:01:37,Costco quietly makes a key credit card change,https://www.thestreet.com/retail/costco-quietly-makes-a-key-credit-card-change?.tsrc=rss,0.3818,Positive
V,2026-07-08 15:21:00,Will Mastercard's Click to Pay Gain Traction With stc pay?,https://finance.yahoo.com/markets/stocks/articles/mastercards-click-pay-gain-traction-152100999.html?.tsrc=rss,0.3818,Positive
V,2026-07-08 13:39:41,"Dollar Tree upgraded, PayPal initiated: Wall Street's top analyst calls",https://finance.yahoo.com/markets/stocks/articles/broadcom-downgraded-unitedhealth-upgraded-wall-135834606.html?.tsrc=rss,0.2023,Positive
V,2026-07-08 13:00:00,"Givebutter Becomes the First Fundraising and CRM Platform to Offer Built-In Visa Spend Cards, Closing the Gap Between Fundraising and Impact",https://finance.yahoo.com/small-business/articles/givebutter-becomes-first-fundraising-crm-130000035.html?.tsrc=rss,0.0,Neutral
V,2026-07-08 13:00:00,Visa Research: The Great Wealth Transfer Is Already Reshaping How Americans Spend,https://finance.yahoo.com/economy/articles/visa-research-great-wealth-transfer-130000571.html?.tsrc=rss,0.8074,Positive
V,2026-07-08 10:11:46,"The Dividend Growth Formula That Turns $500,000 Into a Six-Figure Income Stream",https://247wallst.com/personal-finance/2026/07/08/the-dividend-growth-formula-that-turns-500000-into-a-six-figure-income-stream/?.tsrc=rss,0.3818,Positive
V,2026-07-08 06:10:51,Is Prologis (PLD) Fairly Valued Following Its Board Appointment?,https://finance.yahoo.com/markets/stocks/articles/prologis-pld-fairly-valued-following-061051144.html?.tsrc=rss,0.4404,Positive
V,2026-07-08 05:02:10,Why Today’s Dividend Yield May Be The Least Important Number In Your Portfolio,https://247wallst.com/personal-finance/2026/07/08/why-todays-dividend-yield-may-be-the-least-important-number-in-your-portfolio/?.tsrc=rss,-0.0752,Negative
V,2026-07-08 04:01:00,Wall Street Banks Weigh Buying Card Payment Network to Escape Fee Caps,https://www.thedailyupside.com/finance/banking/wall-street-banks-reportedly-discussed-owning-their-own-card-payments-network/?.tsrc=rss,0.1779,Positive
V,2026-07-08 01:24:00,AIsa Raises $6.5M as Alibaba and Tribe Capital Back AI Agent Payment Network,https://www.cryptoprowl.com/releases/aisa-raises-65m-as-alibaba-and-tribe-capital-back-ai-agent-payment-network-6093?.tsrc=rss,0.0,Neutral
V,2026-07-07 21:38:51,DDSC Brings Regulated Dirham Stablecoin to UAE Exchanges,https://beincrypto.com/uae-dirham-stablecoin-ddsc-exchange-access/?.tsrc=rss,0.0,Neutral
V,2026-07-07 21:18:13,Is Visa (V) Undervalued After Its AI Payments Push And Stablecoin Moves?,https://finance.yahoo.com/markets/stocks/articles/visa-v-undervalued-ai-payments-211813162.html?.tsrc=rss,0.0,Neutral
V,2026-07-07 20:05:00,"Visa to Announce Fiscal Third Quarter 2026 Financial Results on July 28, 2026",https://finance.yahoo.com/markets/stocks/articles/visa-announce-fiscal-third-quarter-200500204.html?.tsrc=rss,0.0,Neutral
DIS,2026-07-08 15:40:05,DIS or PSO: Which Is the Better Value Stock Right Now?,https://finance.yahoo.com/markets/stocks/articles/dis-pso-better-value-stock-154005663.html?.tsrc=rss,0.6486,Positive
DIS,2026-07-08 14:00:00,Fathom Entertainment Names Jason Brenek New Chief Executive Officer,https://finance.yahoo.com/media-advertising/articles/fathom-entertainment-names-jason-brenek-140000279.html?.tsrc=rss,0.4215,Positive
DIS,2026-07-08 13:30:02,Is It Worth Investing in Disney (DIS) Based on Wall Street's Bullish Views?,https://finance.yahoo.com/markets/stocks/articles/worth-investing-disney-dis-based-133002116.html?.tsrc=rss,0.2263,Positive
DIS,2026-07-08 13:11:46,Netflix and Disney Eye World Cup Rights,https://finance.yahoo.com/media-advertising/articles/netflix-disney-eye-world-cup-131146929.html?.tsrc=rss,0.0,Neutral
DIS,2026-07-08 13:00:03,The Walt Disney Company (DIS) is Attracting Investor Attention: Here is What You Should Know,https://finance.yahoo.com/markets/stocks/articles/walt-disney-company-dis-attracting-130003179.html?.tsrc=rss,0.4767,Positive
DIS,2026-07-08 12:05:33,NFLX Has Bounced From This Price Before. Now What?,https://www.trefis.com/articles/606170/nflx-has-bounced-from-this-price-before-now-what/2026-07-08?.tsrc=rss,0.0,Neutral
DIS,2026-07-08 11:07:31,"Netflix, Disney and YouTube Eye World Cup Rights",https://finance.yahoo.com/media-advertising/articles/netflix-disney-youtube-eye-world-110731854.html?.tsrc=rss,0.0,Neutral
DIS,2026-07-08 00:10:58,"NFLX, DIS, YouTube Want FIFA's World Cup US Rights — Why A $2B Bidding War Is Brewing",https://stocktwits.com/news-articles/markets/equity/nflx-dis-you-tube-want-fifa-s-world-cup-us-rights/cZmVInGR7Zq?.tsrc=rss,-0.5574,Negative
DIS,2026-07-07 22:33:15,"Netflix, Disney, YouTube target $2B FIFA rights package for next World Cups - CNBC",https://finance.yahoo.com/media-advertising/articles/netflix-disney-youtube-target-2b-223315313.html?.tsrc=rss,0.0,Neutral
DIS,2026-07-07 18:47:01,Walt Disney vs. Netflix: What Their Revenue Trends Tell Investors,https://www.fool.com/coverage/charts/2026/07/07/walt-disney-vs-netflix-what-their-revenue-trends-tell-investors/?.tsrc=rss,0.0,Neutral
DIS,2026-07-07 16:15:46,Walt Disney (DIS) On FCC Scrutiny Is The Bull Case Still Intact,https://finance.yahoo.com/markets/stocks/articles/walt-disney-dis-fcc-scrutiny-161546103.html?.tsrc=rss,0.2023,Positive
DIS,2026-07-07 16:10:48,"Netflix desperately needs M&A, but there's also a second 'emerging' threat to deal with",https://finance.yahoo.com/video/netflix-desperately-needs-ma-but-theres-also-a-second-emerging-threat-to-deal-with-161048162.html?.tsrc=rss,-0.7506,Negative
DIS,2026-07-07 12:35:28,The Retirement Portfolio Sweet Spot Explained With Real Examples,https://247wallst.com/investing/2026/07/07/the-retirement-portfolio-sweet-spot-explained-with-real-examples/?.tsrc=rss,0.4588,Positive
DIS,2026-07-07 12:26:58,What The Selloff In CMCSA Ignores About Its Cash,https://www.trefis.com/articles/605914/what-the-selloff-in-cmcsa-ignores-about-its-cash/2026-07-07?.tsrc=rss,-0.2732,Negative
DIS,2026-07-06 23:28:16,$50M Disney settlement: What to know to claim your share,https://www.usatoday.com/story/money/2026/07/06/disney-streaming-settlement-claim-50-million-espn/90826973007/?.tsrc=rss,0.296,Positive
DIS,2026-07-06 23:17:00,Disney World closing one of Epcot's most iconic restaurants,https://www.thestreet.com/restaurants/disney-world-epcot-coral-reef-restaurant-closing?.tsrc=rss,0.0,Neutral
DIS,2026-07-06 21:45:05,Walt Disney (DIS) Stock Drops Despite Market Gains: Important Facts to Note,https://finance.yahoo.com/markets/stocks/articles/walt-disney-dis-stock-drops-214505753.html?.tsrc=rss,-0.3875,Negative
DIS,2026-07-06 20:46:10,How Wide Is The Range Of Possibilities For Netflix Stock?,https://www.trefis.com/articles/605497/how-wide-is-the-range-of-possibilities-for-netflix-stock/2026-07-06?.tsrc=rss,0.0,Neutral
DIS,2026-07-06 20:43:48,"Stock Market Today: Dow Up, AI Stock Tests Entry; SpaceX Tumbles As Elon Musk Makes This Boast (Live Coverage)",https://finance.yahoo.com/m/e4816774-35f0-3682-b37a-8d60e0419f0f/stock-market-today%3A-dow-up%2C.html?.tsrc=rss,0.0,Neutral
DIS,2026-07-06 19:40:53,InterDigital (IDCC) Wins an 11-Country Injunction Against Disney Over a Video Patent Dispute,https://finance.yahoo.com/markets/stocks/articles/interdigital-idcc-wins-11-country-194053199.html?.tsrc=rss,0.25,Positive
